date,code,open,high,low,close,preclose,volume,amount,pctChg
2019-01-02,sh.000300,3017.0670,3018.7750,2958.4880,2969.5350,3010.6530,6866302208,76105572352.0000,-1.365800
2019-01-03,sh.000300,2963.0180,3000.4410,2953.2540,2964.8420,2969.5350,7086710272,76664799232.0000,-0.158000
2019-01-04,sh.000300,2940.1910,3036.8140,2935.8290,3035.8740,2964.8420,10331897088,107141038080.0000,2.395800
2019-01-07,sh.000300,3055.1530,3061.7490,3035.9120,3054.3030,3035.8740,10116435968,105703940096.0000,0.607000
2019-01-08,sh.000300,3049.8740,3055.5100,3038.5330,3047.7030,3054.3030,8617058560,79628881920.0000,-0.216100
2019-01-09,sh.000300,3065.2300,3117.9610,3062.8470,3078.4750,3047.7030,10736434944,117129678848.0000,1.009700
2019-01-10,sh.000300,3077.4810,3092.5410,3062.5720,3072.6860,3078.4750,8527175680,90206871552.0000,-0.188000
2019-01-11,sh.000300,3082.2610,3102.8330,3071.0260,3094.7780,3072.6860,7178642432,77420240896.0000,0.719000
2019-01-14,sh.000300,3092.4980,3097.4060,3064.3820,3067.7840,3094.7780,6612170240,68115969024.0000,-0.872200
2019-01-15,sh.000300,3071.5180,3129.3700,3064.6700,3127.9900,3067.7840,8877296128,99976892416.0000,1.962500
2019-01-16,sh.000300,3126.1340,3135.0110,3117.2920,3128.6510,3127.9900,8021434112,85781590016.0000,0.021100
2019-01-17,sh.000300,3132.6280,3141.7090,3110.0600,3111.4160,3128.6510,8017487104,82888208384.0000,-0.550900
2019-01-18,sh.000300,3124.5020,3171.6860,3120.3450,3168.1730,3111.4160,10396383488,106780659712.0000,1.824200
2019-01-21,sh.000300,3170.8770,3199.2130,3170.8770,3185.6360,3168.1730,9391502336,105536987136.0000,0.551200
2019-01-22,sh.000300,3181.9490,3181.9490,3135.3370,3143.3170,3185.6360,7299052800,78150877184.0000,-1.328400
2019-01-23,sh.000300,3136.0960,3157.6260,3131.8670,3141.0530,3143.3170,5987047936,62669651968.0000,-0.072000
2019-01-24,sh.000300,3146.6040,3165.6290,3125.3000,3158.7810,3141.0530,7293463552,80963878912.0000,0.564400
2019-01-25,sh.000300,3165.1810,3203.1740,3164.4080,3184.4690,3158.7810,8396772864,93207953408.0000,0.813200
2019-01-28,sh.000300,3203.1180,3228.8670,3174.7240,3183.7770,3184.4690,8262243072,97371496448.0000,-0.021700
2019-01-29,sh.000300,3177.2610,3200.9890,3148.2340,3193.9690,3183.7770,7765833472,85943910400.0000,0.320100
2019-01-30,sh.000300,3181.6550,3202.8960,3167.8930,3168.4820,3193.9690,6374651648,73005121536.0000,-0.798000
2019-01-31,sh.000300,3182.6980,3216.0670,3178.0100,3201.6330,3168.4820,8624783872,97509924864.0000,1.046300
2019-02-01,sh.000300,3225.7330,3247.4950,3207.7160,3247.3970,3201.6330,8201964032,94766411776.0000,1.429400
2019-02-11,sh.000300,3239.8070,3307.0630,3239.8070,3306.4720,3247.3970,9881843456,114752356352.0000,1.819100
2019-02-12,sh.000300,3306.3520,3335.3600,3298.6330,3330.3350,3306.4720,12223246336,122834100224.0000,0.721700
2019-02-13,sh.000300,3337.7790,3405.5770,3329.1430,3397.0270,3330.3350,16382833152,168866263040.0000,2.002600
2019-02-14,sh.000300,3392.8540,3415.3990,3381.9820,3402.1400,3397.0270,15112729088,138649288704.0000,0.150500
2019-02-15,sh.000300,3391.2420,3395.0290,3335.8700,3338.7040,3402.1400,14366860288,141555060736.0000,-1.864600
2019-02-18,sh.000300,3366.4230,3445.7440,3366.4230,3445.7440,3338.7040,18288609024,180449742848.0000,3.206000
2019-02-19,sh.000300,3454.7210,3480.7930,3419.0730,3439.6070,3445.7440,17908378624,185762746368.0000,-0.178100
2019-02-20,sh.000300,3449.9320,3463.7730,3421.5050,3451.9270,3439.6070,14739031040,145570263040.0000,0.358200
2019-02-21,sh.000300,3450.1410,3500.2510,3431.6310,3442.7050,3451.9270,18014328832,185197154304.0000,-0.267200
2019-02-22,sh.000300,3439.3780,3520.1180,3417.9780,3520.1180,3442.7050,18723797504,202869288960.0000,2.248600
2019-02-25,sh.000300,3575.8520,3729.4830,3574.6880,3729.4830,3520.1180,34255712256,376382394368.0000,5.947700
2019-02-26,sh.000300,3734.7050,3762.1120,3679.2700,3684.6930,3729.4830,35803869696,387632861184.0000,-1.201000
2019-02-27,sh.000300,3682.8110,3737.6310,3638.3330,3678.3920,3684.6930,28623600640,307306147840.0000,-0.171000
2019-02-28,sh.000300,3675.2640,3695.4640,3650.0530,3669.3700,3678.3920,18481021952,206010957824.0000,-0.245300
2019-03-01,sh.000300,3699.2150,3749.7140,3668.7650,3749.7140,3669.3700,20471100416,235620622336.0000,2.189600
2019-03-04,sh.000300,3783.0360,3886.5790,3764.7760,3794.1040,3749.7140,32349012736,376397283328.0000,1.183800
2019-03-05,sh.000300,3785.3760,3816.1620,3770.7850,3816.0130,3794.1040,23085316608,261464121344.0000,0.577400
2019-03-06,sh.000300,3822.8580,3855.1550,3787.5220,3848.0900,3816.0130,31807737088,331155615744.0000,0.840600
2019-03-07,sh.000300,3841.1450,3845.1820,3778.8000,3808.8490,3848.0900,32984654848,359339151360.0000,-1.019800
2019-03-08,sh.000300,3721.4010,3774.5430,3656.1910,3657.5790,3808.8490,31799007744,349296693248.0000,-3.971500
2019-03-11,sh.000300,3663.9770,3731.9090,3650.8120,3729.9540,3657.5790,23091286528,268718460928.0000,1.978800
2019-03-12,sh.000300,3758.3150,3804.7200,3723.6780,3755.3510,3729.9540,27492638208,325180620800.0000,0.680900
2019-03-13,sh.000300,3758.7130,3763.0920,3708.8140,3724.1940,3755.3510,23368224768,286171049984.0000,-0.829700
2019-03-14,sh.000300,3710.2930,3747.8190,3673.8500,3698.4850,3724.1940,19081723648,231820148736.0000,-0.690300
2019-03-15,sh.000300,3713.9360,3782.2360,3713.9360,3745.0050,3698.4850,17517454336,224194363392.0000,1.257800
2019-03-18,sh.000300,3753.6430,3851.7470,3733.6780,3851.7470,3745.0050,21692805888,276473450496.0000,2.850300
2019-03-19,sh.000300,3856.5880,3868.3350,3815.2180,3833.9620,3851.7470,18172710912,224096890880.0000,-0.461700
2019-03-20,sh.000300,3825.3350,3855.1460,3790.5110,3835.4390,3833.9620,17563208960,215406993408.0000,0.038500
2019-03-21,sh.000300,3840.2780,3864.0690,3823.4660,3836.8910,3835.4390,19631031040,231993446400.0000,0.037900
2019-03-22,sh.000300,3838.1250,3845.5800,3786.5910,3833.8010,3836.8910,17135699200,198518386688.0000,-0.080500
2019-03-25,sh.000300,3776.4420,3807.1790,3741.6060,3742.8250,3833.8010,19858632960,223396564992.0000,-2.373000
2019-03-26,sh.000300,3766.5280,3770.8430,3687.5470,3700.4380,3742.8250,17304657920,196547809280.0000,-1.132500
2019-03-27,sh.000300,3724.4050,3750.2640,3703.4500,3743.3870,3700.4380,13875845376,177507528704.0000,1.160600
2019-03-28,sh.000300,3731.0610,3755.7160,3710.0810,3728.3950,3743.3870,13327212800,172604391424.0000,-0.400500
2019-03-29,sh.000300,3739.7730,3876.3790,3739.7730,3872.3410,3728.3950,21563910400,283022299136.0000,3.860800
2019-04-01,sh.000300,3901.1690,3982.9090,3901.1690,3973.9280,3872.3410,27138270464,340799401984.0000,2.623400
2019-04-02,sh.000300,3986.3440,3988.0970,3956.5050,3971.2850,3973.9280,22600034048,281892057088.0000,-0.066500
2019-04-03,sh.000300,3947.8690,4026.4970,3939.7830,4022.1560,3971.2850,23191736832,284826497024.0000,1.281000
2019-04-04,sh.000300,4039.7410,4072.1130,4021.7050,4062.2300,4022.1560,26041093888,313539432448.0000,0.996300
2019-04-08,sh.000300,4097.1020,4122.6030,4017.4880,4057.2280,4062.2300,26750557696,324670451712.0000,-0.123100
2019-04-09,sh.000300,4063.8130,4084.2430,4038.2820,4075.4300,4057.2280,18295680768,243187912704.0000,0.448600
2019-04-10,sh.000300,4062.4420,4115.3780,4035.4740,4085.8470,4075.4300,19468761344,278282027008.0000,0.255600
2019-04-11,sh.000300,4083.4610,4097.1240,3990.2390,3997.5770,4085.8470,16904964096,236259155968.0000,-2.160400
2019-04-12,sh.000300,3986.7820,4006.9330,3961.4640,3988.6160,3997.5770,13586211840,178795937792.0000,-0.224200
2019-04-15,sh.000300,4056.4910,4085.3880,3974.2260,3975.5240,3988.6160,18264557056,236298723328.0000,-0.328200
2019-04-16,sh.000300,3958.0960,4085.7890,3943.4870,4085.7890,3975.5240,20204196608,250569207808.0000,2.773600
2019-04-17,sh.000300,4080.7170,4106.6150,4057.5030,4087.2390,4085.7890,18036711680,228824428544.0000,0.035500
2019-04-18,sh.000300,4085.1140,4094.0530,4056.2350,4072.0750,4087.2390,14656212224,187812687872.0000,-0.371000
2019-04-19,sh.000300,4076.2950,4120.6350,4046.2040,4120.6070,4072.0750,15079491072,194701692928.0000,1.191800
2019-04-22,sh.000300,4125.9710,4126.0900,4015.4740,4025.6100,4120.6070,18935374592,244380549120.0000,-2.305400
2019-04-23,sh.000300,4021.6270,4061.0850,4005.2830,4019.0050,4025.6100,15561165056,204121505792.0000,-0.164100
2019-04-24,sh.000300,4033.6290,4044.3370,3967.8050,4030.0880,4019.0050,14549869568,186497961984.0000,0.275800
2019-04-25,sh.000300,4013.6020,4022.5630,3938.3250,3941.8160,4030.0880,15972207104,197530996736.0000,-2.190300
2019-04-26,sh.000300,3921.8900,3943.8330,3887.2520,3889.2740,3941.8160,14200806912,186572136448.0000,-1.332900
2019-04-29,sh.000300,3896.5820,3953.2280,3875.4520,3900.3330,3889.2740,15387092736,203946553344.0000,0.284300
2019-04-30,sh.000300,3887.1790,3923.1080,3885.1470,3913.2110,3900.3330,11623337728,161665925120.0000,0.330200
2019-05-06,sh.000300,3775.0760,3791.6110,3647.1400,3684.6160,3913.2110,19747288320,254115401728.0000,-5.841600
2019-05-07,sh.000300,3702.2650,3738.1760,3671.8340,3720.6680,3684.6160,13284765440,183659159552.0000,0.978400
2019-05-08,sh.000300,3648.5480,3722.9320,3642.4980,3667.4570,3720.6680,11286735616,145058488320.0000,-1.430100
2019-05-09,sh.000300,3637.3460,3656.8960,3584.8220,3599.7000,3667.4570,10103739392,141829095424.0000,-1.847500
2019-05-10,sh.000300,3643.0550,3732.9230,3589.2900,3730.4510,3599.7000,14800384768,195067170816.0000,3.632300
2019-05-13,sh.000300,3675.7590,3702.9010,3658.0000,3668.7250,3730.4510,10339185920,135053926400.0000,-1.654600
2019-05-14,sh.000300,3630.4380,3683.2610,3630.4380,3645.1500,3668.7250,10231345920,135262867456.0000,-0.642600
2019-05-15,sh.000300,3674.9930,3741.0400,3674.9930,3727.0920,3645.1500,11016176896,152534548480.0000,2.248000
2019-05-16,sh.000300,3720.0390,3745.1400,3707.9030,3743.9630,3727.0920,11625827328,139851939840.0000,0.452700
2019-05-17,sh.000300,3744.8750,3745.3550,3637.5820,3648.7600,3743.9630,12845324544,154092351488.0000,-2.542800
2019-05-20,sh.000300,3635.7350,3644.5000,3583.8320,3617.7920,3648.7600,10896347648,134194262016.0000,-0.848700
2019-05-21,sh.000300,3619.4360,3690.0880,3610.6810,3666.7760,3617.7920,11102291968,133071380480.0000,1.354000
2019-05-22,sh.000300,3663.1530,3679.2720,3634.7470,3649.3790,3666.7760,9834612736,121775243264.0000,-0.474400
2019-05-23,sh.000300,3629.5280,3631.4740,3578.1120,3583.9640,3649.3790,9989778176,125611970560.0000,-1.792500
2019-05-24,sh.000300,3584.9010,3623.3900,3580.7850,3593.9130,3583.9640,8093404928,101337497600.0000,0.277600
2019-05-27,sh.000300,3592.6020,3648.0260,3556.2560,3637.1970,3593.9130,10883087104,133399052288.0000,1.204400
2019-05-28,sh.000300,3633.0180,3683.2300,3627.7870,3672.2600,3637.1970,11788624128,148966334464.0000,0.964000
2019-05-29,sh.000300,3642.5410,3693.2270,3637.3480,3663.9090,3672.2600,9335544064,120002035712.0000,-0.227400
2019-05-30,sh.000300,3648.8490,3650.9710,3612.6240,3641.1830,3663.9090,9420256000,112864079872.0000,-0.620300
2019-05-31,sh.000300,3640.9960,3668.1790,3627.5440,3629.7890,3641.1830,8922226688,108264202240.0000,-0.312900
2019-06-03,sh.000300,3640.6120,3672.8130,3613.1270,3632.0120,3629.7890,10072317952,123902447616.0000,0.061200
2019-06-04,sh.000300,3632.5600,3636.1280,3584.4610,3598.4660,3632.0120,8709709312,109467238400.0000,-0.923600
2019-06-05,sh.000300,3627.7940,3634.4530,3593.9510,3597.1050,3598.4660,8864201984,114634227712.0000,-0.037800
2019-06-06,sh.000300,3601.0350,3601.0350,3557.0160,3564.6770,3597.1050,8553440256,104367267840.0000,-0.901500
2019-06-10,sh.000300,3578.0080,3623.7300,3568.2780,3610.7430,3564.6770,9237506048,117346607104.0000,1.292300
2019-06-11,sh.000300,3617.5230,3723.1410,3617.5230,3719.2750,3610.7430,14348280576,180899074048.0000,3.005800
2019-06-12,sh.000300,3706.8630,3711.8790,3683.9390,3691.0950,3719.2750,11917885184,132296097792.0000,-0.757700
2019-06-13,sh.000300,3689.5830,3697.5910,3654.2740,3685.3930,3691.0950,9633171712,110459904000.0000,-0.154500
2019-06-14,sh.000300,3690.4760,3709.6520,3650.9090,3654.8790,3685.3930,10181700352,116584259584.0000,-0.828000
2019-06-17,sh.000300,3654.4430,3683.7740,3645.4980,3654.8240,3654.8790,7297667840,93092581376.0000,-0.001500
2019-06-18,sh.000300,3661.1290,3675.6450,3638.7800,3667.6180,3654.8240,7069226496,89472839680.0000,0.350100
2019-06-19,sh.000300,3761.3380,3771.3470,3715.1330,3715.9380,3667.6180,12559571456,172574179328.0000,1.317500
2019-06-20,sh.000300,3718.9410,3845.7910,3717.1850,3828.5180,3715.9380,16887207424,227726983168.0000,3.029700
2019-06-21,sh.000300,3832.7320,3856.0850,3817.3060,3833.9380,3828.5180,15363515392,199961616384.0000,0.141600
2019-06-24,sh.000300,3836.3050,3853.5450,3819.7690,3841.2650,3833.9380,10008462080,143644733440.0000,0.191100
2019-06-25,sh.000300,3837.4250,3838.0570,3755.0090,3801.3090,3841.2650,12407591168,169358794752.0000,-1.040200
2019-06-26,sh.000300,3779.5120,3809.7580,3771.7160,3794.3310,3801.3090,8182028288,112106860544.0000,-0.183600
2019-06-27,sh.000300,3807.5370,3854.0800,3805.8320,3834.8170,3794.3310,10531635712,156483420160.0000,1.067000
2019-06-28,sh.000300,3832.0590,3835.2320,3803.0540,3825.5870,3834.8170,8476613888,116512051200.0000,-0.240700
2019-07-01,sh.000300,3899.3310,3936.6680,3886.9090,3935.8110,3825.5870,15837033984,217470251008.0000,2.881200
2019-07-02,sh.000300,3931.0480,3942.4250,3918.9370,3937.1690,3935.8110,13186349568,173997043712.0000,0.034500
2019-07-03,sh.000300,3927.4360,3927.4360,3878.8400,3893.5340,3937.1690,11199260416,163145732096.0000,-1.108300
2019-07-04,sh.000300,3895.1970,3906.8890,3854.6930,3873.1010,3893.5340,9934225664,142669254656.0000,-0.524800
2019-07-05,sh.000300,3875.3730,3900.3090,3857.9280,3893.2020,3873.1010,7400652800,116236521472.0000,0.519000
2019-07-08,sh.000300,3875.7540,3875.7540,3775.0250,3802.7890,3893.2020,10953908736,147198418944.0000,-2.322300
2019-07-09,sh.000300,3798.0950,3811.0990,3774.7640,3793.1290,3802.7890,7484273152,113147604992.0000,-0.254000
2019-07-10,sh.000300,3807.9490,3810.3960,3774.2300,3786.7390,3793.1290,7283394816,101355479040.0000,-0.168500
2019-07-11,sh.000300,3806.1850,3830.7380,3774.4130,3785.2210,3786.7390,7531196416,113674616832.0000,-0.040100
2019-07-12,sh.000300,3783.0730,3820.2350,3774.5220,3808.7310,3785.2210,7546596608,107007922176.0000,0.621100
2019-07-15,sh.000300,3792.6400,3844.8680,3745.8540,3824.1870,3808.7310,10120522240,142493044736.0000,0.405800
2019-07-16,sh.000300,3819.2470,3828.3250,3799.8660,3806.8440,3824.1870,8073095168,108449681408.0000,-0.453500
2019-07-17,sh.000300,3800.1060,3820.2710,3787.8970,3804.6380,3806.8440,9518388480,116766781440.0000,-0.057900
2019-07-18,sh.000300,3793.1890,3793.3910,3767.9950,3768.4010,3804.6380,8749644544,111669366784.0000,-0.952400
2019-07-19,sh.000300,3787.5070,3828.1510,3787.5070,3807.9550,3768.4010,8808614912,117797527552.0000,1.049600
2019-07-22,sh.000300,3813.5020,3816.5380,3765.4420,3781.6830,3807.9550,9210137600,117810446336.0000,-0.689900
2019-07-23,sh.000300,3783.5410,3792.9640,3768.7610,3789.9130,3781.6830,7131334656,103866609664.0000,0.217600
2019-07-24,sh.000300,3803.5860,3840.0570,3803.5730,3819.8320,3789.9130,9094068480,129940586496.0000,0.789400
2019-07-25,sh.000300,3821.3890,3851.0660,3812.9530,3851.0660,3819.8320,9374041600,125899501568.0000,0.817700
2019-07-26,sh.000300,3835.2280,3863.5870,3832.5220,3858.5680,3851.0660,8325929984,110929727488.0000,0.194800
2019-07-29,sh.000300,3857.9390,3862.7460,3842.4260,3854.2700,3858.5680,8481436928,111679107072.0000,-0.111400
2019-07-30,sh.000300,3861.5690,3890.7290,3861.5690,3870.3170,3854.2700,9412395520,120480280576.0000,0.416300
2019-07-31,sh.000300,3856.7450,3856.7450,3830.0910,3835.3580,3870.3170,8215115520,111083892736.0000,-0.903300
2019-08-01,sh.000300,3819.3240,3831.2640,3791.5460,3803.4690,3835.3580,8411418112,117649162240.0000,-0.831400
2019-08-02,sh.000300,3729.1300,3754.5320,3720.0580,3747.4370,3803.4690,10833589760,141874786304.0000,-1.473200
2019-08-05,sh.000300,3724.4090,3739.5030,3675.6880,3675.6880,3747.4370,10132598016,133061099520.0000,-1.914600
2019-08-06,sh.000300,3609.1110,3649.8950,3575.8620,3636.3280,3675.6880,12983387136,167267479552.0000,-1.070800
2019-08-07,sh.000300,3654.6320,3659.0770,3621.4310,3621.4310,3636.3280,8423871488,108667666432.0000,-0.409700
2019-08-08,sh.000300,3651.3570,3675.4600,3646.9380,3669.2930,3621.4310,8845770752,114981617664.0000,1.321600
2019-08-09,sh.000300,3686.7490,3689.1770,3628.1160,3633.5290,3669.2930,8529558016,116355690496.0000,-0.974700
2019-08-12,sh.000300,3647.8660,3699.1040,3643.3160,3699.1040,3633.5290,8208305664,121129345024.0000,1.804700
2019-08-13,sh.000300,3675.5860,3686.4300,3658.0120,3665.7510,3699.1040,7650030336,103764320256.0000,-0.901700
2019-08-14,sh.000300,3712.0650,3717.5570,3680.6080,3682.4010,3665.7510,9120259072,128301670400.0000,0.454200
2019-08-15,sh.000300,3618.0090,3694.2980,3612.1100,3694.0000,3682.4010,8859883264,119241080832.0000,0.315000
2019-08-16,sh.000300,3697.9400,3738.0960,3687.0750,3710.5380,3694.0000,8831916800,132696911872.0000,0.447700
2019-08-19,sh.000300,3736.0340,3791.0940,3720.6890,3791.0940,3710.5380,13932701184,195448938496.0000,2.171000
2019-08-20,sh.000300,3786.0260,3799.8970,3778.7300,3787.7320,3791.0940,10860208896,149115342848.0000,-0.088700
2019-08-21,sh.000300,3778.3090,3792.5950,3775.4470,3781.7570,3787.7320,8229988096,121688506368.0000,-0.157700
2019-08-22,sh.000300,3793.8550,3797.3290,3771.2040,3793.5060,3781.7570,8580779264,120708136960.0000,0.310700
2019-08-23,sh.000300,3796.8820,3829.3600,3788.0340,3820.8630,3793.5060,8795458304,137802153984.0000,0.721200
2019-08-26,sh.000300,3756.3610,3778.8660,3753.1640,3765.9100,3820.8630,9385926912,142350987264.0000,-1.438200
2019-08-27,sh.000300,3791.4580,3848.2350,3790.8730,3816.9450,3765.9100,12473147904,181748785152.0000,1.355200
2019-08-28,sh.000300,3818.8120,3822.5880,3790.1380,3802.5840,3816.9450,8875081216,137667276800.0000,-0.376200
2019-08-29,sh.000300,3805.4940,3808.5950,3774.3960,3790.1860,3802.5840,8408338688,126475677696.0000,-0.326000
2019-08-30,sh.000300,3816.6780,3828.9690,3778.9180,3799.5860,3790.1860,9669515008,152408670208.0000,0.248000
2019-09-02,sh.000300,3803.6890,3855.7760,3799.8160,3848.3190,3799.5860,11028934912,164994457600.0000,1.282600
2019-09-03,sh.000300,3852.5790,3856.6810,3833.7570,3853.6100,3848.3190,9771463168,146270633984.0000,0.137500
2019-09-04,sh.000300,3848.6480,3886.0010,3846.4210,3886.0010,3853.6100,12662861568,176839745536.0000,0.840500
2019-09-05,sh.000300,3909.2080,3970.0030,3909.2080,3925.3230,3886.0010,18165623040,244681224192.0000,1.011900
2019-09-06,sh.000300,3946.6850,3948.5390,3922.3360,3948.5070,3925.3230,12188237568,181718269952.0000,0.590600
2019-09-09,sh.000300,3980.9570,3985.2390,3954.8750,3972.9480,3948.5070,14680975360,209545388032.0000,0.619000
2019-09-10,sh.000300,3976.8690,3976.9220,3938.7440,3959.2650,3972.9480,13088938496,184494350336.0000,-0.344400
2019-09-11,sh.000300,3969.6750,3971.2230,3922.9530,3930.0990,3959.2650,13159487488,190165008384.0000,-0.736600
2019-09-12,sh.000300,3944.6910,3975.9310,3933.4360,3972.3790,3930.0990,11024127232,156750651392.0000,1.075800
2019-09-16,sh.000300,3981.3610,3982.2040,3943.3730,3957.7150,3972.3790,11025980416,154736553984.0000,-0.369100
2019-09-17,sh.000300,3947.1570,3947.1570,3879.4850,3891.2200,3957.7150,11369431808,154899300352.0000,-1.680100
2019-09-18,sh.000300,3902.9940,3923.1460,3902.5100,3910.0830,3891.2200,8205615104,130159558656.0000,0.484800
2019-09-19,sh.000300,3923.9630,3924.3820,3897.0660,3924.3820,3910.0830,8598423808,127421792256.0000,0.365700
2019-09-20,sh.000300,3933.4590,3942.2240,3921.4120,3935.6510,3924.3820,10345595392,153162588160.0000,0.287100
2019-09-23,sh.000300,3925.1850,3925.1850,3868.2140,3890.6610,3935.6510,9403622400,139223506944.0000,-1.143100
2019-09-24,sh.000300,3895.8660,3927.0110,3886.1400,3901.0750,3890.6610,8778322944,142341398528.0000,0.267700
2019-09-25,sh.000300,3887.5540,3889.8390,3867.2270,3870.9830,3901.0750,8952083456,133224464384.0000,-0.771400
2019-09-26,sh.000300,3884.7020,3890.7450,3840.2470,3841.1380,3870.9830,10269830144,150806749184.0000,-0.771000
2019-09-27,sh.000300,3843.4580,3859.5000,3832.2460,3852.6530,3841.1380,7400394752,109130485760.0000,0.299800
2019-09-30,sh.000300,3842.0740,3857.2310,3813.5490,3814.5280,3852.6530,6593131264,100487270400.0000,-0.989600
2019-10-08,sh.000300,3818.5890,3861.6420,3818.5890,3837.6790,3814.5280,7665786112,118365683712.0000,0.606900
2019-10-09,sh.000300,3822.6060,3845.3400,3805.0670,3843.2390,3837.6790,7585451264,112406208512.0000,0.144900
2019-10-10,sh.000300,3838.4860,3877.1420,3829.4320,3874.6390,3843.2390,7922269440,127474044928.0000,0.817000
2019-10-11,sh.000300,3885.5190,3922.3690,3868.8410,3911.7250,3874.6390,9341257728,139817299968.0000,0.957200
2019-10-14,sh.000300,3944.8590,3983.8110,3934.7320,3953.2410,3911.7250,12239361024,167857131520.0000,1.061300
2019-10-15,sh.000300,3953.1640,3953.1640,3928.1510,3936.2490,3953.2410,8527394816,125117108224.0000,-0.429800
2019-10-16,sh.000300,3939.2760,3964.0450,3919.0160,3922.6850,3936.2490,8322970624,128558534656.0000,-0.344600
2019-10-17,sh.000300,3929.3860,3935.8120,3913.9170,3925.2210,3922.6850,6486374400,99991851008.0000,0.064600
2019-10-18,sh.000300,3935.4190,3940.5400,3864.9650,3869.3770,3925.2210,8232113920,122186928128.0000,-1.422700
2019-10-21,sh.000300,3865.3430,3884.7440,3856.0370,3880.8390,3869.3770,7418291712,110858235904.0000,0.296200
2019-10-22,sh.000300,3896.3140,3897.4350,3870.5480,3895.8800,3880.8390,6891856640,102843371520.0000,0.387600
2019-10-23,sh.000300,3892.6760,3901.4240,3862.1960,3871.0840,3895.8800,7019862528,99733598208.0000,-0.636500
2019-10-24,sh.000300,3877.9230,3890.1950,3852.5820,3870.6670,3871.0840,7133457408,105096949760.0000,-0.010800
2019-10-25,sh.000300,3871.7680,3899.7220,3849.0330,3896.7920,3870.6670,7745361920,126677483520.0000,0.674900
2019-10-28,sh.000300,3904.9820,3927.7950,3897.8170,3926.5850,3896.7920,9740602112,150762201088.0000,0.764600
2019-10-29,sh.000300,3929.7070,3932.3740,3910.2260,3910.2260,3926.5850,8225707520,139611418624.0000,-0.416600
2019-10-30,sh.000300,3904.7170,3908.0990,3883.4460,3891.2250,3910.2260,7787292416,122610503680.0000,-0.485900
2019-10-31,sh.000300,3906.8590,3907.1500,3878.8750,3886.7510,3891.2250,8671453952,135012425728.0000,-0.115000
2019-11-01,sh.000300,3883.8080,3956.0790,3876.4160,3952.3870,3886.7510,10068961280,151471063040.0000,1.688711
2019-11-04,sh.000300,3964.0050,3985.3570,3964.0050,3978.1210,3952.3870,10419385600,154485362688.0000,0.651100
2019-11-05,sh.000300,3982.1150,4030.6380,3970.8660,4002.8120,3978.1210,11291187968,163317854208.0000,0.620670
2019-11-06,sh.000300,4006.3270,4007.5010,3973.7760,3984.8810,4002.8120,9731295232,139859763200.0000,-0.447960
2019-11-07,sh.000300,3984.5520,4005.3820,3975.5470,3991.8740,3984.8810,8725489920,117751554048.0000,0.175488
2019-11-08,sh.000300,4017.6740,4022.0360,3971.5720,3973.0100,3991.8740,9710694912,139026673664.0000,-0.472560
2019-11-11,sh.000300,3948.6180,3948.6180,3897.5500,3902.9780,3973.0100,9415561984,130330083328.0000,-1.762694
2019-11-12,sh.000300,3905.9580,3914.8820,3877.7390,3903.6880,3902.9780,7654306816,108828237824.0000,0.018191
2019-11-13,sh.000300,3905.2830,3908.4190,3882.4310,3899.9810,3903.6880,7674907904,112057147392.0000,-0.094961
2019-11-14,sh.000300,3905.9280,3916.9450,3895.1410,3905.8570,3899.9810,8700844544,119791566848.0000,0.150667
2019-11-15,sh.000300,3908.4890,3915.1040,3877.0890,3877.0890,3905.8570,8373091584,115423019008.0000,-0.736535
2019-11-18,sh.000300,3874.4400,3913.1020,3868.3160,3907.9290,3877.0890,7664599296,107085819904.0000,0.795442
2019-11-19,sh.000300,3904.0990,3947.0390,3902.3770,3947.0390,3907.9290,8216102400,123227172864.0000,1.000786
2019-11-20,sh.000300,3940.1340,3943.2270,3901.9860,3907.8640,3947.0390,7681533184,118003064832.0000,-0.992516
2019-11-21,sh.000300,3894.5390,3901.8260,3875.9680,3889.5980,3907.8640,6913053696,104147771392.0000,-0.467416
2019-11-22,sh.000300,3894.1740,3918.8380,3833.5030,3849.9940,3889.5980,9104263936,146981163008.0000,-1.018203
2019-11-25,sh.000300,3850.9660,3878.2500,3839.4200,3878.2060,3849.9940,10606628864,140851077120.0000,0.732780
2019-11-26,sh.000300,3893.4340,3899.1090,3869.5940,3891.6530,3878.2060,11151353600,140213633024.0000,0.346732
2019-11-27,sh.000300,3883.4290,3889.9780,3862.7010,3875.6180,3891.6530,7643730432,107238821888.0000,-0.412036
2019-11-28,sh.000300,3877.9010,3887.6900,3852.0100,3862.3020,3875.6180,6523011840,87081787392.0000,-0.343584
2019-11-29,sh.000300,3857.1880,3861.6580,3804.8290,3828.6700,3862.3020,7414433024,116200558592.0000,-0.870776
2019-12-02,sh.000300,3835.5120,3854.7500,3829.3120,3836.0580,3828.6700,7741217280,109992591360.0000,0.192965
2019-12-03,sh.000300,3829.2120,3851.1200,3811.6280,3851.0870,3836.0580,7361124096,108703715328.0000,0.391782
2019-12-04,sh.000300,3841.6620,3852.9920,3831.0740,3849.8190,3851.0870,7968338432,109646344192.0000,-0.032926
2019-12-05,sh.000300,3863.6080,3883.4030,3859.8220,3879.3630,3849.8190,8905119232,129357594624.0000,0.767413
2019-12-06,sh.000300,3885.0580,3902.3850,3878.7000,3902.3850,3879.3630,7864888832,116424777728.0000,0.593448
2019-12-09,sh.000300,3909.5290,3911.9680,3885.2500,3895.4460,3902.3850,9535380736,130873098240.0000,-0.177814
2019-12-10,sh.000300,3886.4440,3900.9590,3882.0870,3900.3840,3895.4460,8626292736,121118412800.0000,0.126763
2019-12-11,sh.000300,3907.1590,3909.3850,3890.3410,3902.7490,3900.3840,9976548096,127690403840.0000,0.060635
2019-12-12,sh.000300,3908.4530,3908.4530,3886.1180,3891.0240,3902.7490,8470832896,117874315264.0000,-0.300429
2019-12-13,sh.000300,3928.0040,3969.4560,3925.2750,3968.2210,3891.0240,14857134848,201018884096.0000,1.983976
2019-12-16,sh.000300,3970.7090,3987.5860,3953.5120,3987.5460,3968.2210,14848667136,202154897408.0000,0.486994
2019-12-17,sh.000300,3987.7420,4067.1350,3984.5190,4041.7990,3987.5460,20116293632,251637866496.0000,1.360561
2019-12-18,sh.000300,4039.7240,4057.6400,4025.3430,4032.7820,4041.7990,15135176448,197620207616.0000,-0.223094
2019-12-19,sh.000300,4034.6150,4038.5430,4014.8950,4027.1490,4032.7820,11790055936,152553807872.0000,-0.139680
2019-12-20,sh.000300,4032.1510,4046.7260,4014.9290,4017.2520,4027.1490,12126766336,158460231680.0000,-0.245757
2019-12-23,sh.000300,4014.6920,4032.1720,3964.3790,3967.0960,4017.2520,12281624576,162048262144.0000,-1.248515
2019-12-24,sh.000300,3971.5600,3994.5090,3963.6650,3992.9580,3967.0960,9598904576,122499162112.0000,0.651913
2019-12-25,sh.000300,3988.6570,4000.5550,3976.3550,3990.8670,3992.9580,9493889024,131896467456.0000,-0.052367
2019-12-26,sh.000300,3993.6680,4025.9870,3993.5410,4025.9870,3990.8670,10886064128,140814966784.0000,0.880009
2019-12-27,sh.000300,4029.2450,4066.7960,4019.7220,4022.0270,4025.9870,15092641024,195090415616.0000,-0.098361
2019-12-30,sh.000300,4015.5190,4083.6900,4001.4950,4081.6330,4022.0270,15597148928,216814661632.0000,1.481989
2019-12-31,sh.000300,4077.7510,4098.1440,4069.0080,4096.5820,4081.6330,12326425856,173119348736.0000,0.366250
2020-01-02,sh.000300,4121.3480,4172.6550,4121.3480,4152.2400,4096.5820,18211677184,270105530368.0000,1.358645
2020-01-03,sh.000300,4161.2180,4164.2980,4131.8640,4144.9640,4152.2400,14282624512,215216287744.0000,-0.175231
2020-01-06,sh.000300,4120.5210,4170.6380,4102.3790,4129.2950,4144.9640,17530995200,250182070272.0000,-0.378025
2020-01-07,sh.000300,4137.4010,4161.2500,4135.0970,4160.2270,4129.2950,13948903168,196389060608.0000,0.749087
2020-01-08,sh.000300,4139.6310,4149.8130,4101.9800,4112.3170,4160.2270,16758585088,212406263808.0000,-1.151620
2020-01-09,sh.000300,4145.5340,4165.6570,4143.5920,4164.3690,4112.3170,13688632320,200150351872.0000,1.265758
2020-01-10,sh.000300,4177.5770,4180.9770,4148.4810,4163.1840,4164.3690,11303171840,177827414016.0000,-0.028456
2020-01-13,sh.000300,4166.9250,4203.9880,4148.6000,4203.9880,4163.1840,11969198336,199795490816.0000,0.980115
2020-01-14,sh.000300,4215.1570,4223.5070,4188.0800,4189.8860,4203.9880,12932078336,196221263872.0000,-0.335443
2020-01-15,sh.000300,4186.8810,4193.8680,4150.8790,4166.7340,4189.8860,10463313664,163081932800.0000,-0.552569
2020-01-16,sh.000300,4174.8170,4175.2930,4142.1790,4149.0430,4166.7340,10026764288,156242505728.0000,-0.424577
2020-01-17,sh.000300,4162.1930,4177.0280,4141.6440,4154.8530,4149.0430,9872568320,166591590400.0000,0.140032
2020-01-20,sh.000300,4170.7360,4185.9620,4149.4870,4185.8300,4154.8530,12240914688,202692288512.0000,0.745562
2020-01-21,sh.000300,4165.0200,4165.0200,4113.3250,4114.3080,4185.8300,13052750592,204586881024.0000,-1.708669
2020-01-22,sh.000300,4093.8000,4141.1770,4046.4860,4131.9310,4114.3080,12675876352,208136151040.0000,0.428334
2020-01-23,sh.000300,4093.3220,4103.5240,3972.3930,4003.9010,4131.9310,16035760384,250409357312.0000,-3.098551
2020-02-03,sh.000300,3639.9080,3732.1570,3639.9080,3688.3570,4003.9010,15755964672,243303104512.0000,-7.880914
2020-02-04,sh.000300,3652.0030,3786.8620,3652.0030,3785.6370,3688.3570,21393332736,298165768192.0000,2.637489
2020-02-05,sh.000300,3801.0990,3866.0100,3781.6130,3828.5270,3785.6370,17492552448,264042921984.0000,1.132967
2020-02-06,sh.000300,3841.7530,3914.9150,3806.9600,3899.7750,3828.5270,17646223616,262820089856.0000,1.860977
2020-02-07,sh.000300,3879.5530,3899.8830,3849.7120,3899.8690,3899.7750,15173175808,237508816896.0000,0.002410
2020-02-10,sh.000300,3872.3730,3920.1660,3861.0060,3916.0050,3899.8690,14840696832,229625442304.0000,0.413757
2020-02-11,sh.000300,3926.4200,3970.5220,3915.7070,3952.4640,3916.0050,14344167424,219307118592.0000,0.931025
2020-02-12,sh.000300,3945.6660,3984.4320,3940.6660,3984.4320,3952.4640,12671032064,200776708096.0000,0.808812
2020-02-13,sh.000300,3985.8750,3999.5490,3950.1420,3959.9180,3984.4320,14500184320,228605964288.0000,-0.615245
2020-02-14,sh.000300,3954.2340,4001.5620,3954.0230,3987.7340,3959.9180,14323980288,222895075328.0000,0.702439
2020-02-17,sh.000300,3999.6510,4077.4460,3999.6510,4077.4240,3987.7340,18277896960,273067819008.0000,2.249147
2020-02-18,sh.000300,4069.8310,4076.3880,4027.7850,4057.5100,4077.4240,16323621888,242552516608.0000,-0.488397
2020-02-19,sh.000300,4049.5860,4085.1700,4042.8450,4051.3100,4057.5100,16904644096,257554534400.0000,-0.152803
2020-02-20,sh.000300,4062.8960,4148.5280,4055.8100,4144.6560,4051.3100,21223262464,310835589120.0000,2.304094
2020-02-21,sh.000300,4134.8740,4184.4370,4130.1670,4149.4900,4144.6560,21721360384,326564003840.0000,0.116632
2020-02-24,sh.000300,4131.8360,4149.0100,4097.1750,4132.8380,4149.4900,21286930432,326387802112.0000,-0.401302
2020-02-25,sh.000300,4066.3020,4126.7070,4020.9070,4123.8540,4132.8380,24416783104,372213719040.0000,-0.217381
2020-02-26,sh.000300,4070.0990,4132.7810,4061.1250,4073.0150,4123.8540,26109406208,366022418432.0000,-1.232803
2020-02-27,sh.000300,4084.0780,4110.5270,4067.4400,4084.8750,4073.0150,18129097984,282050207744.0000,0.291185
2020-02-28,sh.000300,3988.7270,4031.1450,3928.0660,3940.0480,4084.8750,23027509248,330358906880.0000,-3.545445
2020-03-02,sh.000300,3968.8430,4092.5390,3968.8430,4069.6660,3940.0480,21931355904,317426204672.0000,3.289757
2020-03-03,sh.000300,4125.1350,4147.6520,4067.9090,4091.3610,4069.6660,21936977664,330802585600.0000,0.533090
2020-03-04,sh.000300,4078.4990,4115.2610,4060.7290,4115.0520,4091.3610,18242472960,281784864768.0000,0.579049
2020-03-05,sh.000300,4150.2100,4215.8510,4127.0380,4206.7250,4115.0520,23182311424,362838831104.0000,2.227748
2020-03-06,sh.000300,4158.2020,4181.3100,4135.3900,4138.5070,4206.7250,17247571712,253168631808.0000,-1.621642
2020-03-09,sh.000300,4063.0760,4063.0760,3995.1313,3997.1325,4138.5072,20810203500,305428730303.8000,-3.416080
2020-03-10,sh.000300,3975.2288,4093.0024,3954.7506,4082.7315,3997.1325,19741640200,296184435851.3000,2.141510
2020-03-11,sh.000300,4090.9348,4091.2704,4028.3964,4028.4289,4082.7315,16165611100,244990872685.9000,-1.330056
2020-03-12,sh.000300,3976.1139,3987.4336,3926.2704,3950.9111,4028.4289,15706045800,233152848759.1000,-1.924269
2020-03-13,sh.000300,3771.0139,3937.1806,3765.1479,3895.3128,3950.9111,18829672200,280213453213.7000,-1.407227
2020-03-16,sh.000300,3899.8598,3899.8598,3720.5127,3727.8398,3895.3128,18596826000,282836238271.2000,-4.299347
2020-03-17,sh.000300,3739.7833,3786.8908,3618.3070,3709.6822,3727.8398,16624612900,250824025696.9000,-0.487081
2020-03-18,sh.000300,3729.6853,3775.8506,3636.2565,3636.2565,3709.6822,15503754700,244127161535.3000,-1.979299
2020-03-19,sh.000300,3623.7890,3647.9874,3503.1866,3589.0926,3636.2565,18080740700,271827467961.6000,-1.297045
2020-03-20,sh.000300,3629.5126,3663.9517,3588.7766,3653.2239,3589.0926,13960300000,211223073323.1000,1.786839
2020-03-23,sh.000300,3542.6837,3585.8014,3523.7877,3530.3058,3653.2239,13710879000,197669624970.1000,-3.364647
2020-03-24,sh.000300,3598.6548,3627.7592,3545.4524,3625.1146,3530.3058,14310302100,208553840688.5000,2.685569
2020-03-25,sh.000300,3711.4753,3732.6536,3685.9942,3722.5181,3625.1146,15349595800,231561518761.2000,2.686908
2020-03-26,sh.000300,3692.6083,3736.2536,3681.2668,3698.0472,3722.5181,11231066500,169336311861.4000,-0.657375
2020-03-27,sh.000300,3746.3914,3758.7827,3709.9213,3710.0605,3698.0472,12406099500,186103426334.7000,0.324855
2020-03-30,sh.000300,3657.4624,3690.6388,3637.5853,3674.1108,3710.0605,12687667300,180640799409.3000,-0.968979
2020-03-31,sh.000300,3708.1404,3716.0707,3676.2024,3686.1551,3674.1108,11145302500,161595510008.2000,0.327815
2020-04-01,sh.000300,3682.2966,3731.7799,3670.9653,3675.0758,3686.1551,11935262000,170422568804.4000,-0.300565
2020-04-02,sh.000300,3656.3225,3734.5306,3652.3167,3734.5306,3675.0758,11516820900,168893255656.6000,1.617784
2020-04-03,sh.000300,3721.4815,3738.8323,3698.9822,3713.2183,3734.5306,9982508300,150132815028.5000,-0.570682
2020-04-07,sh.000300,3779.9076,3803.6286,3772.2054,3798.0214,3713.2183,14277803000,207642820316.9000,2.283817
2020-04-08,sh.000300,3776.4171,3793.0023,3767.2924,3780.3445,3798.0214,11138951300,161576772320.2000,-0.465424
2020-04-09,sh.000300,3798.4879,3801.7245,3785.3116,3792.8105,3780.3445,10048503200,154595318812.8000,0.329758
2020-04-10,sh.000300,3794.8429,3824.7441,3758.9599,3769.1782,3792.8105,10244495600,162251233800.7000,-0.623081
2020-04-13,sh.000300,3751.7093,3769.8764,3740.1936,3753.2566,3769.1782,7905334300,119874303204.6000,-0.422416
2020-04-14,sh.000300,3777.8343,3825.7599,3764.9838,3825.6991,3753.2566,11063758500,170612579792.4000,1.930124
2020-04-15,sh.000300,3820.8506,3829.8009,3793.4402,3797.3623,3825.6991,10846198400,169700216633.0000,-0.740696
2020-04-16,sh.000300,3777.7986,3807.3569,3774.5585,3802.3806,3797.3623,9594796500,147164302056.9000,0.132152
2020-04-17,sh.000300,3831.9232,3863.4521,3821.4201,3839.4871,3802.3806,13200430100,203595267033.5000,0.975875
2020-04-20,sh.000300,3845.4598,3853.7984,3831.5530,3853.4551,3839.4871,10001311500,151924090117.0000,0.363799
2020-04-21,sh.000300,3838.2314,3838.2314,3779.9967,3808.0474,3853.4551,10292188800,155077454132.0000,-1.178363
2020-04-22,sh.000300,3789.1297,3839.3834,3782.2149,3839.3834,3808.0474,8589946400,135547280790.0000,0.822889
2020-04-23,sh.000300,3851.9132,3857.4709,3826.5565,3829.7525,3839.3834,9550845000,142122548831.8000,-0.250845
2020-04-24,sh.000300,3826.3116,3827.2120,3787.0714,3796.9721,3829.7525,9484413500,138961200282.7000,-0.855940
2020-04-27,sh.000300,3808.0171,3842.8706,3793.7655,3822.7690,3796.9721,9546273500,145301151875.0000,0.679407
2020-04-28,sh.000300,3835.3480,3859.6754,3768.2000,3849.1465,3822.7690,12209347600,184179759240.3000,0.690010
2020-04-29,sh.000300,3837.5135,3880.7444,3833.7164,3867.0320,3849.1465,9585459000,151282103744.2000,0.464661
2020-04-30,sh.000300,3880.4094,3921.7004,3880.4094,3912.5772,3867.0320,13291712500,202268288802.3000,1.177782
2020-05-06,sh.000300,3867.2587,3937.6909,3865.9875,3936.2539,3912.5772,13985567500,214935962364.4000,0.605143
2020-05-07,sh.000300,3937.5918,3941.4833,3915.9048,3924.8946,3936.2539,10551464600,167207801840.2000,-0.288581
2020-05-08,sh.000300,3942.9972,3979.6627,3935.9805,3963.6217,3924.8946,11694334100,190299584716.9000,0.986704
2020-05-11,sh.000300,3974.7605,3998.0972,3944.5037,3960.1803,3963.6217,12267380300,193758093899.8000,-0.086825
2020-05-12,sh.000300,3961.3427,3970.1115,3930.2108,3960.2378,3960.1803,9825055400,157465780059.9000,0.001452
2020-05-13,sh.000300,3946.6428,3972.5254,3932.5711,3968.2529,3960.2378,8819066900,145563383275.8000,0.202389
2020-05-14,sh.000300,3952.1986,3952.1986,3924.0452,3925.2177,3968.2529,8853000400,143499177719.8000,-1.084487
2020-05-15,sh.000300,3941.1250,3945.1956,3907.4021,3912.8159,3925.2177,9261838200,153301505149.4000,-0.315952
2020-05-18,sh.000300,3914.6602,3946.4312,3898.4041,3922.9117,3912.8159,11280176200,188528121367.6000,0.258019
2020-05-19,sh.000300,3963.7754,3966.8518,3944.0715,3956.2495,3922.9117,9401529100,159886222402.2000,0.849823
2020-05-20,sh.000300,3955.7145,3955.7145,3923.9213,3935.2220,3956.2495,10079115000,157102533276.1000,-0.531501
2020-05-21,sh.000300,3950.5981,3951.7430,3907.5788,3913.7949,3935.2220,9486103300,149154142257.8000,-0.544495
2020-05-22,sh.000300,3907.5761,3907.5761,3818.1488,3824.0640,3913.7949,10337836000,157286504986.3000,-2.292683
2020-05-25,sh.000300,3828.3206,3835.6333,3800.1796,3829.3245,3824.0640,7903332600,127011917716.3000,0.137563
2020-05-26,sh.000300,3850.0009,3874.7484,3844.4776,3872.7701,3829.3245,7744807600,125445619316.8000,1.134550
2020-05-27,sh.000300,3873.6984,3873.6984,3838.4247,3845.6135,3872.7701,8371183100,123737501165.0000,-0.701219
2020-05-28,sh.000300,3848.4892,3885.4211,3818.4318,3856.6324,3845.6135,9306405400,139108407792.0000,0.286532
2020-05-29,sh.000300,3838.3769,3872.3031,3830.4185,3867.0232,3856.6324,9381383200,135658136028.2000,0.269427
2020-06-01,sh.000300,3901.7263,3976.3151,3901.7263,3971.3402,3867.0232,13645665200,208436512945.1000,2.697605
2020-06-02,sh.000300,3969.9521,3991.7761,3958.9774,3983.5677,3971.3402,14430306000,195563304256.3000,0.307894
2020-06-03,sh.000300,4001.1708,4018.6759,3982.9299,3983.6477,3983.5677,13659748300,200882767676.9000,0.002008
2020-06-04,sh.000300,3998.1636,3999.8051,3968.5723,3982.1851,3983.6477,10427773700,149057855837.5000,-0.036715
2020-06-05,sh.000300,3988.2239,4001.2509,3967.9260,4001.2509,3982.1851,10244394200,154311342981.8000,0.478777
2020-06-08,sh.000300,4023.6060,4050.2213,4016.1015,4021.9549,4001.2509,13792581300,193047518687.6000,0.517438
2020-06-09,sh.000300,4027.5613,4052.1557,4016.3387,4047.0293,4021.9549,11530447900,166533966010.0000,0.623438
2020-06-10,sh.000300,4046.2317,4046.2317,4024.4185,4039.7051,4047.0293,11226572800,166778642366.2000,-0.180977
2020-06-11,sh.000300,4031.7396,4043.0123,3979.7522,3995.8846,4039.7051,12730894100,197079441861.1000,-1.084745
2020-06-12,sh.000300,3931.6236,4011.0591,3927.2491,4003.0829,3995.8846,13416664900,193504046742.3000,0.180143
2020-06-15,sh.000300,3982.9672,4007.1396,3954.9883,3954.9883,4003.0829,13129786000,211125336143.8000,-1.201439
2020-06-16,sh.000300,3995.5786,4014.5702,3987.8637,4014.5702,3954.9883,11105153900,185104029158.9000,1.506500
2020-06-17,sh.000300,4018.6094,4018.6094,3992.1339,4017.5941,4014.5702,10560579900,176977503611.2000,0.075323
2020-06-18,sh.000300,4009.7831,4047.5566,4000.9008,4044.3842,4017.5941,13814876100,210192918146.2000,0.666819
2020-06-19,sh.000300,4047.0483,4109.3602,4043.4925,4098.7095,4044.3842,15294699000,255549797299.6000,1.343228
2020-06-22,sh.000300,4097.5071,4126.9421,4088.7822,4102.0459,4098.7095,15582946500,259200520725.7000,0.081401
2020-06-23,sh.000300,4098.0373,4124.7250,4080.7533,4121.7944,4102.0459,12922951000,234806510834.5000,0.481430
2020-06-24,sh.000300,4128.1003,4144.6782,4123.3582,4138.9895,4121.7944,12171246500,224551430008.0000,0.417175
2020-06-29,sh.000300,4127.9348,4137.3696,4092.5352,4109.7164,4138.9895,13086585400,226522059762.9000,-0.707252
2020-06-30,sh.000300,4130.0028,4174.4236,4129.7754,4163.9637,4109.7164,12593352100,227935704488.9000,1.319977
2020-07-01,sh.000300,4172.6425,4247.7835,4163.4954,4247.7835,4163.9637,16999045600,305711799762.0000,2.012981
2020-07-02,sh.000300,4239.4080,4340.1039,4238.1164,4335.8445,4247.7835,25293936800,399571526695.3000,2.073105
2020-07-03,sh.000300,4353.1937,4419.5955,4348.4535,4419.5955,4335.8445,29048553900,442335024266.1000,1.931596
2020-07-06,sh.000300,4465.8081,4678.1121,4465.8081,4670.0949,4419.5955,40582102500,597438217716.0000,5.667926
2020-07-07,sh.000300,4739.6104,4796.3155,4688.0574,4698.1264,4670.0949,40600855300,635254742706.0000,0.600234
2020-07-08,sh.000300,4692.8621,4803.3643,4670.6501,4774.0042,4698.1264,34807484700,532849825964.5000,1.615065
2020-07-09,sh.000300,4770.0769,4854.1201,4757.2943,4840.7712,4774.0042,35104689300,556718732098.9000,1.398553
2020-07-10,sh.000300,4796.0873,4821.3745,4734.4725,4753.1333,4840.7712,31694965100,510472055095.9000,-1.810412
2020-07-13,sh.000300,4742.3738,4878.0773,4741.8743,4852.9612,4753.1333,32164544600,541105098721.0000,2.100255
2020-07-14,sh.000300,4836.1655,4860.4404,4729.9258,4806.6902,4852.9612,29724198500,511211048184.9000,-0.953459
2020-07-15,sh.000300,4821.5155,4837.4757,4723.3608,4744.4687,4806.6902,27238900600,486748347680.4000,-1.294477
2020-07-16,sh.000300,4741.5295,4772.5638,4513.6537,4516.2532,4744.4687,28465713300,511237962884.2000,-4.810138
2020-07-17,sh.000300,4524.7717,4601.3733,4485.8214,4544.7007,4516.2532,20737556300,372973887046.0000,0.629892
2020-07-20,sh.000300,4597.2038,4681.9431,4534.2305,4680.3046,4544.7007,24606891400,416714222275.7000,2.983781
2020-07-21,sh.000300,4697.5026,4714.2925,4661.4440,4691.0425,4680.3046,20041565900,356069805762.6000,0.229427
2020-07-22,sh.000300,4682.6575,4790.4491,4675.3488,4714.4454,4691.0425,22419921100,386470859914.3000,0.498885
2020-07-23,sh.000300,4668.7401,4731.4004,4607.6585,4712.4357,4714.4454,23431456900,405175268660.9000,-0.042629
2020-07-24,sh.000300,4679.0273,4691.6980,4479.3928,4505.5906,4712.4357,24390520300,437726712279.7000,-4.389346
2020-07-27,sh.000300,4535.0053,4558.1189,4482.4408,4528.4500,4505.5906,17142055100,301893370163.2000,0.507356
2020-07-28,sh.000300,4567.6691,4590.2496,4537.6849,4568.2576,4528.4500,16276849800,292835785345.2000,0.879056
2020-07-29,sh.000300,4559.1634,4680.5580,4548.8535,4679.0080,4568.2576,18669530500,350432649160.5000,2.424347
2020-07-30,sh.000300,4689.7632,4704.6305,4649.7677,4656.1506,4679.0080,16696756600,324009242692.4000,-0.488510
2020-07-31,sh.000300,4652.1824,4741.8084,4621.9635,4695.0462,4656.1506,18483902600,351119312415.0000,0.835360
2020-08-03,sh.000300,4735.8985,4771.3694,4720.0250,4771.3108,4695.0462,21477623900,401914824928.3000,1.624363
2020-08-04,sh.000300,4778.4866,4807.0782,4747.7748,4775.8024,4771.3108,23997498500,426411345935.8000,0.094138
2020-08-05,sh.000300,4761.7637,4786.7031,4711.2723,4777.1089,4775.8024,19670054800,347407839399.1000,0.027357
2020-08-06,sh.000300,4779.2377,4791.8565,4691.1569,4762.7642,4777.1089,22785440600,404323404006.9000,-0.300280
2020-08-07,sh.000300,4742.2939,4749.0217,4637.8427,4707.9262,4762.7642,21351821600,397041212825.0000,-1.151390
2020-08-10,sh.000300,4681.7553,4757.6634,4646.2885,4724.8697,4707.9262,20378883200,371297560017.6000,0.359893
2020-08-11,sh.000300,4730.3748,4791.5337,4674.8642,4681.7837,4724.8697,20554651100,350828586241.1000,-0.911898
2020-08-12,sh.000300,4668.8899,4681.6206,4566.2736,4647.6446,4681.7837,20288723900,347298673202.0000,-0.729190
2020-08-13,sh.000300,4666.4901,4671.7689,4626.1033,4635.7126,4647.6446,15255009200,250945872578.9000,-0.256732
2020-08-14,sh.000300,4627.6100,4708.0709,4617.6320,4704.6288,4635.7126,14729292100,254343934256.2000,1.486637
2020-08-17,sh.000300,4727.1204,4838.0864,4721.3589,4815.2261,4704.6288,26800155600,416469154934.0000,2.350819
2020-08-18,sh.000300,4816.5703,4825.3861,4788.8293,4812.7564,4815.2261,18913985400,314395904535.5000,-0.051289
2020-08-19,sh.000300,4804.6655,4809.0499,4738.0086,4740.6784,4812.7564,19244294800,319403284708.3000,-1.497645
2020-08-20,sh.000300,4708.1253,4721.4357,4662.8032,4679.1544,4740.6784,15836863900,260486563515.0000,-1.297789
2020-08-21,sh.000300,4717.7874,4739.4836,4684.8101,4718.8431,4679.1544,14265786400,251775160233.8000,0.848202
2020-08-24,sh.000300,4746.4035,4769.4673,4716.6054,4755.8491,4718.8431,15114351200,272428686418.6000,0.784218
2020-08-25,sh.000300,4769.2107,4802.4122,4746.3130,4761.9507,4755.8491,14170135100,262308788275.0000,0.128297
2020-08-26,sh.000300,4761.7186,4786.4249,4689.8810,4706.1302,4761.9507,15130518000,277456360643.0000,-1.172219
2020-08-27,sh.000300,4718.0620,4731.9351,4679.3623,4731.3451,4706.1302,11904285000,223631511405.6000,0.535788
2020-08-28,sh.000300,4727.2920,4850.4884,4719.3526,4844.2652,4731.3451,15939976500,305047882508.6000,2.386638
2020-08-31,sh.000300,4870.9337,4901.2115,4816.2123,4816.2153,4844.2652,20256702900,357005064604.8000,-0.579033
2020-09-01,sh.000300,4803.3922,4842.1350,4791.7829,4842.1223,4816.2153,13839540200,262018070577.3000,0.537912
2020-09-02,sh.000300,4859.0754,4863.5509,4797.5204,4843.8870,4842.1223,15798952400,280778613751.4000,0.036445
2020-09-03,sh.000300,4841.5020,4877.0117,4800.0577,4817.0952,4843.8870,14567120100,279411988792.3000,-0.553105
2020-09-04,sh.000300,4737.2368,4778.2030,4726.5559,4770.2190,4817.0952,12003279600,238463337878.7000,-0.973122
2020-09-07,sh.000300,4759.5213,4789.3031,4655.5600,4669.3677,4770.2190,14860779100,282316394067.8000,-2.114186
2020-09-08,sh.000300,4683.8256,4707.8966,4639.0531,4694.3894,4669.3677,13919922700,249198138076.0000,0.535869
2020-09-09,sh.000300,4634.2470,4645.1972,4558.0304,4584.5887,4694.3894,16227710700,244905191934.1000,-2.338977
2020-09-10,sh.000300,4632.0994,4647.7505,4572.2058,4581.9775,4584.5887,15065287800,226146354804.6000,-0.056956
2020-09-11,sh.000300,4572.2572,4630.8842,4563.1061,4627.2826,4581.9775,11530242400,198240927301.5000,0.988767
2020-09-14,sh.000300,4652.0539,4666.9862,4625.9877,4651.0507,4627.2826,10723517900,211653411810.9000,0.513651
2020-09-15,sh.000300,4649.4472,4691.4997,4630.5374,4688.4826,4651.0507,10191592500,194573684119.3000,0.804805
2020-09-16,sh.000300,4683.0060,4690.6815,4638.4586,4657.3584,4688.4826,10875364100,196120184850.9000,-0.663844
2020-09-17,sh.000300,4642.0542,4664.9491,4601.6390,4632.7142,4657.3584,10598363100,214146647269.6000,-0.529145
2020-09-18,sh.000300,4636.6422,4737.8039,4631.7045,4737.0887,4632.7142,16042647500,281885944229.0000,2.252988
2020-09-21,sh.000300,4750.7481,4752.9799,4688.7199,4691.4281,4737.0887,12453582700,224137912695.2000,-0.963896
2020-09-22,sh.000300,4654.2179,4706.2096,4622.1111,4635.7608,4691.4281,11967294700,202909215534.6000,-1.186575
2020-09-23,sh.000300,4639.6592,4665.9600,4623.5528,4652.3273,4635.7608,9582652800,190393472276.3000,0.357363
2020-09-24,sh.000300,4623.9535,4631.9482,4562.2086,4563.0657,4652.3273,11259368300,193515873700.2000,-1.918644
2020-09-25,sh.000300,4582.4820,4599.5387,4554.7199,4570.0216,4563.0657,9301515500,167457376964.0000,0.152439
2020-09-28,sh.000300,4582.6471,4613.6324,4571.1507,4581.9085,4570.0216,8504838900,159314675407.1000,0.260106
2020-09-29,sh.000300,4608.2926,4616.6767,4586.3537,4591.7993,4581.9085,8599385800,159937888502.2000,0.215866
2020-09-30,sh.000300,4607.5753,4634.7239,4563.4108,4587.3953,4591.7993,8908120000,165532220885.2000,-0.095910
2020-10-09,sh.000300,4663.6100,4695.4041,4655.0851,4681.1412,4587.3953,11133751200,229926731489.9000,2.043554
2020-10-12,sh.000300,4705.1883,4823.2666,4704.1554,4823.1578,4681.1412,15578455800,307848558046.0000,3.033803
2020-10-13,sh.000300,4812.8989,4845.9191,4795.3730,4839.2010,4823.1578,11651633800,242172567248.5000,0.332629
2020-10-14,sh.000300,4830.4575,4830.4575,4795.9069,4807.1021,4839.2010,11190692300,229836207247.8000,-0.663310
2020-10-15,sh.000300,4810.7821,4833.8925,4796.2647,4798.7361,4807.1021,10996496200,213878285047.0000,-0.174034
2020-10-16,sh.000300,4798.9162,4825.5518,4765.9670,4791.6760,4798.7361,11671610200,204175130717.5000,-0.147124
2020-10-19,sh.000300,4823.4944,4849.6050,4747.3356,4755.4879,4791.6760,12924636100,225392198225.0000,-0.755228
2020-10-20,sh.000300,4751.3694,4793.4672,4739.4583,4793.4672,4755.4879,9804815600,185849198017.6000,0.798642
2020-10-21,sh.000300,4801.6313,4801.6313,4758.8552,4792.8284,4793.4672,10380570300,189978697043.6000,-0.013326
2020-10-22,sh.000300,4780.5954,4791.8078,4725.4993,4777.9845,4792.8284,10135089100,194614971169.8000,-0.309711
2020-10-23,sh.000300,4775.4665,4802.4560,4717.0984,4718.4881,4777.9845,10682518400,200985821991.5000,-1.245220
2020-10-26,sh.000300,4684.0465,4713.3945,4639.3019,4691.2359,4718.4881,10834327500,205518988284.4000,-0.577562
2020-10-27,sh.000300,4680.1371,4708.4623,4671.8536,4699.2792,4691.2359,9265630400,186675545690.4000,0.171454
2020-10-28,sh.000300,4703.0036,4753.3125,4685.6012,4737.2718,4699.2792,10846340200,226754264067.0000,0.808477
2020-10-29,sh.000300,4683.6070,4803.0317,4679.2529,4772.9198,4737.2718,11711725000,252303504993.0000,0.752501
2020-10-30,sh.000300,4776.4726,4778.5089,4683.4719,4695.3338,4772.9198,13980230300,280783321713.1000,-1.625546
2020-11-02,sh.000300,4702.7457,4738.0239,4695.4436,4720.8313,4695.3338,14286769300,279027685157.1000,0.543039
2020-11-03,sh.000300,4743.1742,4793.3963,4734.1748,4777.5608,4720.8313,13605540800,252390556313.5000,1.201685
2020-11-04,sh.000300,4781.4480,4825.4638,4770.5582,4813.6564,4777.5608,11466180600,230513773046.3000,0.755524
2020-11-05,sh.000300,4861.3377,4885.1118,4837.9996,4885.1118,4813.6564,13924459400,281951932371.0000,1.484431
2020-11-06,sh.000300,4897.6295,4897.6295,4845.4293,4885.7178,4885.1118,15363903400,305365103652.9000,0.012405
2020-11-09,sh.000300,4918.8609,4997.8017,4918.8609,4981.3497,4885.7178,19713198400,371923282063.4000,1.957377
2020-11-10,sh.000300,4995.4126,4995.4126,4928.9319,4953.8756,4981.3497,17626721400,334271459964.0000,-0.551539
2020-11-11,sh.000300,4937.7582,4957.5846,4901.7067,4904.8981,4953.8756,16447051500,303858557977.1000,-0.988670
2020-11-12,sh.000300,4916.7736,4926.3422,4891.5100,4908.4630,4904.8981,11811461900,227645907147.2000,0.072680
2020-11-13,sh.000300,4886.9778,4886.9778,4825.7578,4856.8513,4908.4630,13369307900,255353111737.8000,-1.051484
2020-11-16,sh.000300,4880.9580,4904.1716,4848.6239,4904.1716,4856.8513,14877098000,266705031671.5000,0.974300
2020-11-17,sh.000300,4903.1200,4909.2902,4865.3942,4894.7860,4904.1716,15148746400,288911408551.0000,-0.191380
2020-11-18,sh.000300,4889.6749,4911.0876,4870.7162,4891.6716,4894.7860,16421661600,290727223227.2000,-0.063627
2020-11-19,sh.000300,4880.9224,4939.7911,4870.2005,4927.9891,4891.6716,13368137800,247727135000.5000,0.742435
2020-11-20,sh.000300,4928.2223,4947.4297,4922.5895,4943.2882,4927.9891,12940034100,229053679195.4000,0.310453
2020-11-23,sh.000300,4954.5987,5029.6515,4940.4494,5005.0273,4943.2882,20591518700,333633826416.7000,1.248948
2020-11-24,sh.000300,4997.0485,5001.0614,4960.9817,4974.2855,5005.0273,15663791100,264804443317.7000,-0.614218
2020-11-25,sh.000300,4992.7466,5004.7732,4910.7000,4910.7000,4974.2855,17034052700,277070642970.7000,-1.278284
2020-11-26,sh.000300,4908.3208,4925.2857,4867.8153,4919.5912,4910.7000,13720233800,239748145475.7000,0.181058
2020-11-27,sh.000300,4930.5928,4980.7650,4917.3479,4980.7650,4919.5912,16295292200,253178971224.0000,1.243473
2020-11-30,sh.000300,4994.1063,5055.1920,4960.2519,4960.2519,4980.7650,26263895000,396495834420.8000,-0.411846
2020-12-01,sh.000300,4963.1302,5072.5494,4963.1302,5067.0983,4960.2519,20406563800,328451014444.2000,2.154052
2020-12-02,sh.000300,5072.9755,5090.6084,5043.3091,5067.1447,5067.0983,19543547600,310609728842.5000,0.000916
2020-12-03,sh.000300,5065.4531,5072.3046,5033.7887,5057.0603,5067.1447,17786574800,275335207429.1000,-0.199015
2020-12-04,sh.000300,5049.5231,5072.3865,5017.8506,5065.9163,5057.0603,14434716700,257798820735.0000,0.175122
2020-12-07,sh.000300,5065.7285,5067.8698,5014.6090,5022.2351,5065.9163,13989621700,264657773932.9000,-0.862257
2020-12-08,sh.000300,5029.1063,5043.0605,4998.9218,5009.8786,5022.2351,12307302900,234880648439.1000,-0.246036
2020-12-09,sh.000300,5022.3846,5033.6417,4942.5195,4942.6986,5009.8786,13891696500,260772774152.9000,-1.340951
2020-12-10,sh.000300,4931.2933,4962.7433,4919.7696,4940.5249,4942.6986,12591427000,229651278357.4000,-0.043978
2020-12-11,sh.000300,4957.8236,4957.8236,4849.3547,4889.6292,4940.5249,15935769700,275212730069.9000,-1.030168
2020-12-14,sh.000300,4903.6270,4937.2601,4887.6599,4934.8352,4889.6292,12080155200,247878279711.0000,0.924528
2020-12-15,sh.000300,4931.6019,4954.1885,4904.7926,4945.1000,4934.8352,11834263300,248093390249.2000,0.208007
2020-12-16,sh.000300,4957.2971,4968.8558,4938.1932,4953.8670,4945.1000,10677896800,229696035696.9000,0.177287
2020-12-17,sh.000300,4960.7290,5021.6171,4950.3713,5017.4784,4953.8670,13338547900,270180356109.3000,1.284076
2020-12-18,sh.000300,5014.3211,5027.4446,4979.0051,4999.9678,5017.4784,12804961800,258938551535.8000,-0.348992
2020-12-21,sh.000300,4995.7622,5048.5074,4969.9990,5046.8396,4999.9678,14081178200,298204296843.3000,0.937442
2020-12-22,sh.000300,5034.9831,5055.1348,4960.9457,4964.7727,5046.8396,16234497000,326758817663.3000,-1.626105
2020-12-23,sh.000300,4977.2994,5028.4506,4968.1509,5007.1235,4964.7727,14029281900,308729037473.7000,0.853026
2020-12-24,sh.000300,5006.0051,5033.0380,4979.2371,5000.0154,5007.1235,11441866700,246674476188.8000,-0.141960
2020-12-25,sh.000300,4985.7695,5042.0978,4973.6812,5042.0137,5000.0154,12100697900,243992268243.3000,0.839963
2020-12-28,sh.000300,5042.9432,5089.3447,5037.8582,5064.4147,5042.0137,13691440700,281019254170.5000,0.444287
2020-12-29,sh.000300,5071.4490,5077.4167,5034.3078,5042.9361,5064.4147,14119866200,279035233253.8000,-0.424108
2020-12-30,sh.000300,5037.9848,5113.7105,5036.6288,5113.7105,5042.9361,14862644800,296577812603.0000,1.403436
2020-12-31,sh.000300,5122.4799,5215.6178,5122.4799,5211.2885,5113.7105,17160250900,358731371834.7000,1.908164
2021-01-04,sh.000300,5212.9313,5284.4343,5190.9372,5267.7181,5211.2885,21171138200,452796175554.0000,1.082834
2021-01-05,sh.000300,5245.8355,5368.5049,5234.3775,5368.5049,5267.7181,22493115900,498041939761.0000,1.913291
2021-01-06,sh.000300,5386.5144,5433.4694,5341.4304,5417.6677,5368.5049,19377344400,444434377137.3000,0.915763
2021-01-07,sh.000300,5428.3944,5513.6568,5413.3526,5513.6568,5417.6677,21987208000,473385353695.8000,1.771779
2021-01-08,sh.000300,5526.2876,5547.4733,5442.6939,5495.4306,5513.6568,20432495600,473567653978.6000,-0.330565
2021-01-11,sh.000300,5504.2358,5555.6916,5412.5046,5441.1583,5495.4306,23183598300,522298482544.3000,-0.987590
2021-01-12,sh.000300,5419.4996,5596.3525,5417.6272,5596.3525,5441.1583,22422018600,486233760739.8000,2.852227
2021-01-13,sh.000300,5609.2637,5644.7195,5535.1435,5577.9711,5596.3525,26156988600,546959736365.5000,-0.328453
2021-01-14,sh.000300,5556.2125,5568.0179,5458.6818,5470.4563,5577.9711,24368338000,501890111879.0000,-1.927489
2021-01-15,sh.000300,5471.3910,5500.6348,5390.2737,5458.0812,5470.4563,23863743500,475709920372.3000,-0.226217
2021-01-18,sh.000300,5438.1618,5541.4613,5410.7750,5518.5205,5458.0812,20705186900,422717209153.0000,1.107336
2021-01-19,sh.000300,5525.9690,5532.4793,5415.7166,5437.5234,5518.5205,21104342500,433205176449.9000,-1.467732
2021-01-20,sh.000300,5439.9111,5496.0493,5426.5357,5476.4336,5437.5234,17091326000,373770384496.4000,0.715587
2021-01-21,sh.000300,5492.9587,5593.1058,5490.5626,5564.9693,5476.4336,20995019700,453183684478.9000,1.616667
2021-01-22,sh.000300,5562.3790,5573.6594,5513.8769,5569.7760,5564.9693,19930002000,456622193435.6000,0.086374
2021-01-25,sh.000300,5564.1237,5655.4795,5543.2663,5625.9232,5569.7760,19704701900,508166980802.0000,1.008069
2021-01-26,sh.000300,5600.9017,5600.9017,5505.9962,5512.9678,5625.9232,17190459000,415008069865.0000,-2.007766
2021-01-27,sh.000300,5505.7708,5534.9928,5449.6385,5528.0034,5512.9678,16019084100,376892605839.1000,0.272732
2021-01-28,sh.000300,5450.3695,5462.2352,5360.3766,5377.1427,5528.0034,17048558500,376166523177.5000,-2.729027
2021-01-29,sh.000300,5413.9684,5430.2015,5288.0955,5351.9646,5377.1427,18217878400,390287690019.0000,-0.468243
2021-02-01,sh.000300,5356.8535,5422.2990,5342.0458,5417.6484,5351.9646,16631370600,346859083730.0000,1.227284
2021-02-02,sh.000300,5429.7032,5503.2145,5411.5173,5501.0915,5417.6484,16521056500,380016716111.9000,1.540209
2021-02-03,sh.000300,5499.2961,5532.8864,5473.1237,5485.2008,5501.0915,18805431700,404343602637.7000,-0.288864
2021-02-04,sh.000300,5453.9764,5510.0535,5411.5749,5473.9475,5485.2008,18057565400,397995205379.9000,-0.205157
2021-02-05,sh.000300,5494.7011,5550.7714,5477.6517,5483.4140,5473.9475,18969959800,395400134490.0000,0.172937
2021-02-08,sh.000300,5506.1423,5576.4908,5479.8529,5564.5618,5483.4140,16403377500,367582771658.8000,1.479877
2021-02-09,sh.000300,5584.1650,5686.2502,5555.0537,5686.2502,5564.5618,16488726000,378769121171.9000,2.186846
2021-02-10,sh.000300,5709.6840,5823.4219,5707.3295,5807.7191,5686.2502,17016978600,417056463360.9000,2.136186
2021-02-18,sh.000300,5922.0714,5930.9122,5747.6631,5768.3814,5807.7191,21884868600,507481235977.7000,-0.677335
2021-02-19,sh.000300,5734.0193,5787.8871,5667.3209,5778.8420,5768.3814,21447578000,456433793702.1000,0.181344
2021-02-22,sh.000300,5785.5097,5785.5097,5597.3327,5597.3327,5778.8420,28212438200,543633153216.5000,-3.140929
2021-02-23,sh.000300,5542.6841,5644.7551,5541.1092,5579.6681,5597.3327,23380772700,424904470814.2000,-0.315590
2021-02-24,sh.000300,5591.4795,5598.8284,5379.7278,5437.5683,5579.6681,22542861000,472369211004.2000,-2.546743
2021-02-25,sh.000300,5494.4706,5527.6296,5444.1646,5469.5584,5437.5683,23073602800,412206157140.7000,0.588316
2021-02-26,sh.000300,5343.9041,5416.3197,5318.8579,5336.7609,5469.5584,21226454300,405717700127.9000,-2.427938
2021-03-01,sh.000300,5389.2499,5421.5550,5345.9449,5418.7837,5336.7609,17746352300,358146545967.0000,1.536940
2021-03-02,sh.000300,5453.2847,5454.9687,5305.0545,5349.6301,5418.7837,19651111500,376444604695.3000,-1.276183
2021-03-03,sh.000300,5327.3467,5452.3960,5316.4809,5452.2125,5349.6301,19470905400,337610313596.0000,1.917561
2021-03-04,sh.000300,5388.4785,5392.3725,5254.7771,5280.7058,5452.2125,21277521100,384382456961.0000,-3.145635
2021-03-05,sh.000300,5191.9699,5307.8203,5174.2458,5262.7958,5280.7058,20262795600,352539774294.9000,-0.339159
2021-03-08,sh.000300,5299.7907,5326.2602,5079.7984,5080.0246,5262.7958,23023163500,407133802141.7000,-3.472892
2021-03-09,sh.000300,5066.1546,5094.3110,4917.9090,4970.9994,5080.0246,23071100400,414415213806.0000,-2.146155
2021-03-10,sh.000300,5047.0589,5055.2785,4981.6161,5003.6121,4970.9994,16992849000,309577408714.9000,0.656059
2021-03-11,sh.000300,5024.5586,5138.4146,5020.5784,5128.2156,5003.6121,18960076600,333859199678.6000,2.490271
2021-03-12,sh.000300,5153.6740,5153.6740,5086.8234,5146.3786,5128.2156,20102058900,323237751413.4000,0.354178
2021-03-15,sh.000300,5116.1228,5120.8757,4992.3989,5035.5441,5146.3786,20415308400,330740513807.9000,-2.153641
2021-03-16,sh.000300,5054.4089,5084.3085,5009.9510,5079.3624,5035.5441,16139005400,271755048563.6000,0.870180
2021-03-17,sh.000300,5062.7706,5123.5452,5020.1255,5100.8581,5079.3624,14916237600,263492417709.0000,0.423197
2021-03-18,sh.000300,5114.5872,5160.4566,5111.1294,5141.7681,5100.8581,14290151800,260930046844.7000,0.802022
2021-03-19,sh.000300,5068.5319,5089.9175,4980.7609,5007.0907,5141.7681,16417484900,282974489237.2000,-2.619282
2021-03-22,sh.000300,5008.3953,5071.3378,4996.5410,5057.1520,5007.0907,16740263200,264209098943.0000,0.999808
2021-03-23,sh.000300,5057.0632,5064.0200,4966.5340,5009.2459,5057.1520,15801396700,255755377659.6000,-0.947294
2021-03-24,sh.000300,4985.4013,5024.3274,4919.8932,4928.6853,5009.2459,15938598200,265970020152.0000,-1.608238
2021-03-25,sh.000300,4904.0683,4950.7608,4883.6615,4926.3469,4928.6853,13294518900,219782049461.7000,-0.047445
2021-03-26,sh.000300,4953.9453,5050.8292,4953.9453,5037.9899,4926.3469,14592669700,273901922431.0000,2.266243
2021-03-29,sh.000300,5052.2634,5086.6543,5010.3902,5046.8773,5037.9899,14338821500,266176599970.5000,0.176408
2021-03-30,sh.000300,5043.0952,5106.0365,5032.7950,5094.7291,5046.8773,13861856000,254928014461.3000,0.948147
2021-03-31,sh.000300,5085.9497,5085.9497,5015.6070,5048.3607,5094.7291,14133574300,241058485554.4000,-0.910125
2021-04-01,sh.000300,5059.9359,5115.4286,5056.8718,5110.7768,5048.3607,12032489000,211493324391.1000,1.236364
2021-04-02,sh.000300,5129.8545,5169.8312,5116.3472,5161.5569,5110.7768,12700225400,248060376224.1000,0.993589
2021-04-06,sh.000300,5178.6401,5181.1490,5125.3301,5140.3418,5161.5569,10983421000,213852444065.4000,-0.411021
2021-04-07,sh.000300,5141.6556,5141.6556,5065.1932,5103.7428,5140.3418,14576374800,246271190296.5000,-0.711995
2021-04-08,sh.000300,5078.2627,5129.1318,5062.0725,5112.2086,5103.7428,14177104700,228422004674.7000,0.165874
2021-04-09,sh.000300,5100.0422,5100.0422,5022.0926,5035.3374,5112.2086,12841650900,221519791677.6000,-1.503679
2021-04-12,sh.000300,5026.9791,5045.6018,4933.0126,4947.7459,5035.3374,15264431400,267218195772.7000,-1.739536
2021-04-13,sh.000300,4949.8074,4994.5404,4924.1979,4939.6438,4947.7459,13291935800,225753230649.0000,-0.163753
2021-04-14,sh.000300,4945.6857,4987.1191,4940.2686,4980.6279,4939.6438,12086083800,221036276090.0000,0.829697
2021-04-15,sh.000300,4969.9099,4969.9099,4900.3033,4948.9741,4980.6279,10882938400,213820884103.5000,-0.635538
2021-04-16,sh.000300,4966.8999,4979.1731,4917.9596,4966.1811,4948.9741,11123992400,213389173713.5000,0.347688
2021-04-19,sh.000300,4966.4090,5088.2106,4940.7473,5087.0165,4966.1811,15476982400,307899776737.5000,2.433165
2021-04-20,sh.000300,5065.7757,5119.8586,5058.9247,5083.3654,5087.0165,13654170000,276640588159.1000,-0.071773
2021-04-21,sh.000300,5055.2398,5110.5623,5047.9916,5098.7449,5083.3654,12463727700,242574995256.0000,0.302546
2021-04-22,sh.000300,5114.2799,5119.2246,5067.1382,5089.2435,5098.7449,12116764500,241488845756.1000,-0.186348
2021-04-23,sh.000300,5088.8263,5149.9825,5086.4914,5135.4534,5089.2435,12205699100,264345183118.9000,0.907992
2021-04-26,sh.000300,5156.5941,5181.1066,5072.9585,5077.2372,5135.4534,15138196700,325760384278.3000,-1.133614
2021-04-27,sh.000300,5076.6415,5095.9842,5042.6099,5090.5195,5077.2372,12396183700,254738009833.6000,0.261605
2021-04-28,sh.000300,5073.9728,5119.4455,5059.2628,5119.2421,5090.5195,12062031800,272182521893.2000,0.564237
2021-04-29,sh.000300,5128.2795,5170.5852,5113.6484,5164.1692,5119.2421,14009248000,294112454366.3000,0.877612
2021-04-30,sh.000300,5156.3557,5163.2517,5094.9285,5123.4890,5164.1692,16012162100,315075102884.9000,-0.787739
2021-05-06,sh.000300,5098.8006,5132.8986,5037.4083,5061.1244,5123.4890,15882263000,323258264641.5000,-1.217229
2021-05-07,sh.000300,5073.4554,5093.7471,4996.0370,4996.0527,5061.1244,17225832100,304638402155.0000,-1.285716
2021-05-10,sh.000300,5001.4371,5019.3927,4953.6965,4992.4220,4996.0527,17082058500,282656808853.4000,-0.072671
2021-05-11,sh.000300,4956.0794,5033.4938,4925.9152,5023.0595,4992.4220,15152649700,270931616512.9000,0.613680
2021-05-12,sh.000300,5003.8171,5051.1682,4995.4048,5044.5481,5023.0595,12661908600,228344006493.0000,0.427799
2021-05-13,sh.000300,4992.3519,5022.0836,4975.4462,4992.9738,5044.5481,13227940600,237821404345.3000,-1.022377
2021-05-14,sh.000300,5007.6286,5112.9838,4981.2948,5110.5901,4992.9738,15942618000,318802786822.9000,2.355636
2021-05-17,sh.000300,5115.3063,5206.6947,5115.3063,5184.9853,5110.5901,15388963400,335439913424.1000,1.455707
2021-05-18,sh.000300,5190.9345,5201.6721,5156.7924,5187.6013,5184.9853,11840426100,238182265921.9000,0.050453
2021-05-19,sh.000300,5173.1666,5193.5574,5151.6392,5172.2720,5187.6013,11872998300,250736278155.8000,-0.295499
2021-05-20,sh.000300,5167.0546,5201.5935,5152.0358,5186.4120,5172.2720,13845477500,277088462047.3000,0.273381
2021-05-21,sh.000300,5199.1285,5216.1615,5123.1171,5134.1483,5186.4120,12476848500,268053627530.6000,-1.007704
2021-05-24,sh.000300,5138.8149,5155.5875,5092.3894,5155.5875,5134.1483,12674233600,278513133226.0000,0.417580
2021-05-25,sh.000300,5165.0361,5324.3609,5161.5238,5318.4780,5155.5875,18299683900,404683305641.1000,3.159494
2021-05-26,sh.000300,5326.1169,5344.2837,5308.7389,5320.5927,5318.4780,16960709600,346444644792.8000,0.039761
2021-05-27,sh.000300,5311.3726,5378.4764,5286.0500,5338.2329,5320.5927,14846285500,311893705935.1000,0.331546
2021-05-28,sh.000300,5338.7278,5360.2774,5288.6515,5321.0886,5338.2329,16460580600,330711896344.2000,-0.321161
